level	char_xp_min	spec_xp_min
1	0	0
2	857	1143
3	1740	2320
4	3349	4466
5	5875	7834
6	9496	12662
7	14385	19180
8	20707	27609
9	28625	38167
10	38297	51062
11	49876	66502
12	63515	84686
13	79360	105814
14	97560	130080
15	118256	157675
16	141591	188789
17	167706	223608
18	196737	262316
19	228821	305095
20	264094	352125
21	302689	403585
22	344738	459650
23	390372	520496
24	439721	586294
25	492913	657218
26	550077	733436
27	611339	815119
28	676824	902432
29	746657	995543
30	820962	1094617
31	899862	1199817
32	983479	1311306
33	1071935	1429246
34	1165349	1553799
35	1263842	1685123
36	1367533	1823377
37	1476540	1968721
38	1590982	2121309
39	1710975	2281300
40	1836636	2448848
41	1968081	2624108
42	2105426	2807234
43	2248784	2998379
44	2398271	3197695
45	2554001	3405334
46	2716085	3621447
47	2884639	3846185
48	3059772	4079696
49	3241598	4322131
50	3430227	4573636
51	3625771	4834361
52	3828340	5104453
53	4038043	5384057
54	4254991	5673321
55	4479292	5972390
56	4711056	6281408
57	4950390	6600520
58	5197402	6929870
59	5452201	7269602
60	5714893	7619858
61	5985586	7980781
62	6264385	8352513
63	6551397	8735196
64	6846728	9128970
65	7150482	9533976
66	7462766	9950355
67	7783684	10378246
68	8113341	10817788
69	8451840	11269120
70	8799286	11732382
71	9155782	12207710
72	9521432	12695243
73	9896338	13195118
74	10280604	13707472
75	10674331	14232441
76	11077622	14770162
77	11490578	15320771
78	11913302	15884403
79	12345894	16461193
80	12788457	17051276
81	13241089	17654786
82	13703893	18271858
83	14176968	18902624
84	14660415	19547220
85	15154333	20205778
86	15658822	20878430
87	16173982	21565309
88	16699911	22266548
89	17236709	22982278
90	17784473	23712631
91	18343303	24457738
92	18913298	25217730
93	19494554	25992738
94	20087169	26782892
95	20691242	27588323
96	21306870	28409160
97	21934150	29245533
98	22573178	30097571
99	23224053	30965404
100	23886870	31849160
101		32748967
102		33664954
103		34597249
104		35545980
105		36511275
106		37493259
107		38492062
108		39507809
109		40540627
110		41590642
111		42657981
112		43742769
113		44845132
114		45965195
115		47103084
116		48258923
117		49432838
118		50624953
119		51835392
120		53064279
121		54311739
122		55577895
123		56862870
124		58166788
125		59489771
126		60831944
127		62193428
128		63574346
129		64974821
130		66394974
131		67834928
132		69294803
133		70774723
134		72274807
135		73795178
136		75335957
137		76897263
138		78479219
139		80081944
140		81705558
141		83350183
142		85015937
143		86702941
144		88411314
145		90141175
146		91892645
147		93665842
148		95460885
149		97277893
150		99116984
151		100978278
152		102861892
153		104767944
154		106696553
155		108647837
156		110621913
157		112618898
158		114638911
159		116682068
160		118748486
161		120838283
162		122951575
163		125088479
164		127249112
165		129433590
166		131642029
167		133874545
168		136131254
169		138412272
170		140717715
171		143047699
172		145402337
173		147781747
174		150186044
175		152615341
176		155069754
177		157549398
178		160054387
179		162584837
180		165140860
181		167722572
182		170330087
183		172963518
184		175622979
185		178308585
186		181020448
187		183758683
188		186523403
189		189314720
190		192132748
191		194977600
192		197849389
193		200748228
194		203674229
195		206627504
196		209608167
197		212616330
198		215652104
199		218715602
200		221806936
